review,label
"想請問亞東醫院的情況是，願意自費，但醫師不願意開藥，或醫院沒有藥嗎?
然後藥物價格好像落差蠻大的?亞東說15000-20000，但看台北醫院藥方為2000左右?",0
"我覺得是你想太多
怎麼可能有人可以那麼靠近你刺你然後你還不知道？
超詭異",1
"逆風一下

為何預設是被人攻擊

也可能是碰到什麼導致

但是一直跑醫院跟心理的煎熬是辛苦了",1
根據上課教的針扎流程，愛滋病毒是很弱的病毒，離開血液幾乎存活不了，我覺得可以不用太擔心，反倒是B、C肝這種得到的機率比愛滋病還要高太多，但大家都怕愛滋病…愛滋病現在藥物那麼多好好吃藥跟一般人沒兩樣，倒是BC肝才要小心（如果體內沒有B肝抗體要自費一針一萬的抗體，24小時內注射）,0
希望沒事🙏,1
辛苦妳了跑來跑去各家醫院,0
辛苦了，但愛滋確實有潛伏期，當下驗不出來要過一陣子再驗，祝平安。,1
"所以還是不知道原因嗎？
感覺超可怕",1
"愛滋病毒是無法在針頭上存活很久，幾乎不會造成感染；而像醫護人員工作時不小心被針扎而碰到愛滋的血液或體液感染的機率也低於0.33%，而且只要在72小時之內接受預防性投藥，就可以阻斷病毒在體內繁殖與感染。

貼個衛福部的文降低你的恐慌 但你也有投藥了",0
問的過程都沒人跟你講的有潛伏期嗎…？,0
記者真的惟恐天下不亂^_^,0
"不管是誰
真的很過分😡",0
"我覺得妳有危機意識很好 但也不要過度恐慌
妳說的受傷的位置除非是要刻意攻擊不然應該是很難弄到
但刻意攻擊的話應該妳當下就會發現或是監視器一定會拍到
所以也有可能是妳在某處可能為了閃避或是某個不小心的路人身上的東西戳到妳
無論如何祝妳的結果是好的, 也希望真相早點水落石出(可以的話回來補個後續)",1
捷運監視器是幾乎沒有死角的，請一定要捷運公司保留錄影檔，才能知道發生了什麼事。,1
"受傷點在手臂內側、沒有印象有人靠近自己
通常有人靠近自己不是會有眼角餘光看到嗎？ 他還得拿著一根針把你的手臂抓住翻出手臂內側然後刺下去
這麼多步驟你都沒有感覺？
我覺得不太可能",1
辛苦了 希望沒事,1
希望沒事…現在神經病越來越多了,1
您好我是TVBS記者，希望和您聯繫，謝謝,1
手臂內側 ？！ 有沒有可能自己身上物品刺到或衣服上有什麼東西  如是人刺應該是由外側臂...,1
刺人的人到底是什麼心態⋯⋯,0
希望沒事！要平平安安,1
看了監控沒有看到什麼？沒有人跟你貼很近之類的嗎？那會不會是你不小心用到什麼東西？,0
"所以是個沒看到有人靠近你
就懷疑被人用針戳的可能性🤔",0
跟妳分享，北市聯醫一萬出頭,1
"夭壽⋯現在瘋子怎麼那麼多啊
祝原po平安無事🙏🏻🙏🏻🙏🏻",1
"為何留言區都認為是有人惡意拿針刺
心情版都醬嗎",0
有警覺是好的，但還是覺得確認了再放上來也不遲，醫院肯定會評估，感覺醫生的判斷是合理的，有疑慮自費拿藥也ok。放鬆點⋯,1
"好可怕 所以後來是先拿3天份的藥
總共要吃28天 約1萬五嗎？
好可怕😱以後搭捷運是不是要穿長袖了",0
不能說和酒店妹一樣，只能說98%大致相同,1
想要名片，我才方便去深入了解，我都是為了你弟弟好,1
但89妹其實不錯欸，有些其實挺專情，又瘦又正配合度還高。部分其實不是腦袋空空，有看過會畫畫會刺青的。如果有本事留住89妹你弟發生的問題基本不會存在，真的一直罵的通常都是沒什麼本事的。,1
可是89妹幹起來很爽欸,1
嗯⋯不是有刺青就是89妹吧@@,0
"這種女生超讚的啊
很多還可以不戴套無線內射
配合度超好 還能射嘴巴
把自己榨乾那種
我還遇過野外突然想要
都能配合我的
直接射進去不用清 超讚的好嗎",1
"其他不說
做美甲妳也要管
看你的口氣感覺進妳家好像要做很多家事",1
"不得不說指甲長度真的完全不影響做事^_^
更

我知道運動、學音樂、某些工作等的
會有些限制 多少還是沒辦法做指甲
撇除這些 大多事情不會因為指甲而影響到🥹",1
"您好 我是照片本人
網友貼給我看我才知道您使用我的照片做文章
我跟您還有您的弟弟素不相識
您未經允許隨便使用我的照片您知道這樣算是妨礙他人名譽嗎？",1
低能卡已經被89入侵了嗎？ 之前的89男跟這篇護航的也太多,1
"那些特徵真的標準配備
還有醫美臉🤣🤣",1
什麼鍋配什麼蓋 同類相吸,0
結果這篇意外地成為乾葛集中討論串,1
"你弟交女友，乾你屁事
你又多高尚清高",1
"89妹有分成瞎妹跟家裡條件不好 很早熟 思想也成熟的
只是出入在比較聲色的場所
我親戚的女友就是標準89妹的樣子 
可是我跟他們一起出去吃飯過幾次
發現她人超好的 長得漂亮身材好
對人也很好",1
因為你弟也不怎麼樣，講的好像只有女生有問題一樣。,0
原po是標準毒菇吧！女生應該也沒對你怎樣吧把他的照片發上來有夠沒品,0
89妹其實有些還不錯要努力挑一下😉,1
你弟應該是底層沒錢沒學歷的89吧,0
"但說真的臺灣男生不好找對象
你弟大概就只能跟這種等級的女生交往
（物以類聚不是沒道理）
但還有一堆男生找不到對象
你弟能接受其他人也管不著",0
+9妹就是漂亮身材好又配合啊,1
看到哭己那邊直接笑出來，怎麼這麼好笑,1
89妹換成越南妹還優多了,1
"當女朋友的話，沒關係吧。
要當老婆的話，還是得考慮一下是否顧家跟能不能持家唄。",1
除非妳家姓唐，否則妳弟依然被白骨精跟蜘蛛精玩弄。不然妳也可以當觀音去協助他,0
其他的不予置評，人家指甲做超長能不能做事干你屁事啊，老人味發言,0
"記得之前有篇女生說喜歡「類」89就被罵爆
怎麼男生喜歡89妹就一堆人贊同了😅",1
超緊黑色短褲沒問題 拿名牌包也沒問題 本身氣質如果能駕馭都ok 問題出在鎖骨花刺青+長美甲 光看文字就聞到一股低端味 89妹這種貨色真的只適合低端89猴🐒 妳弟也蠻可悲的 自身條件應該蠻差的頭腦又笨 這年頭還有人暈89母猴…..,1
那看來你弟也不怎麼樣吧==,0
我女友每天都有5個樂樂,1
這是萬萬兩牛肉麵吧 好險不是給你準備千千兩⋯,0
是要請多少演員在下面留言?還要留假裝很生氣的留言，一則留言25元嗎？?廠商爸爸看清楚啊，這種業配只有反效果啊，別花冤枉錢阿,1
自私利已男完全不需考慮吧，分之外還要全部的花費好好的AA算清楚,1
這男友你還要？佔你便宜🤔,1
感覺原PO只是討個拍結果這麼多質疑 不知道打開手機會不會更氣🥲,1
本來覺得萬萬兩水餃還可以 結果吃過果貿就回不去,1
"看就知道在葉配牛肉麵⋯家裡煮誰會擺那樣
然後很生氣還要拍照？笑死",1
可以分了 這種人這種個性以後會擅自幫你決定更多事而且會覺得不需要問過你的意見,1
每一分都是小的我覺得好好笑哈哈哈,1
"抱歉～我笑了
怎麼這麼好笑🤭
這男友…….呵呵….可能下一個可能會更好",1
哈哈😆，如果是我就吸管插大杯的喝，端走大碗的🤣🤣🤣🤣，謝謝男朋友對我真好,1
"如果是真的
也太可悲了吧
交到這種的",0
"說真的🍃寫手和記者真的差不多
為求流量整天發引戰文 製造對立



但大家也很愛看
所以才點進來留言🥹",1
好自私喔，這種人真的相處不下去欸，為什麼兩個人都要一起吃的東西還要有AB版本,0
我猜妳男友應該不喜歡AA制 必須要Aa制 因為妳要是小的那個,1
好煩喔 我有🍃症候群 🤣,0
他就看妳沒有啊～有骨氣一點分手,0
"我分析後。
發現他應該是怕妳變胖。

他一定很討厭胖子女友，如果讓妳吃，跟他一樣的份量，他認定妳會變胖子。",1
他真的把你當分母，這種男友留著做什麼？感覺都很差勁，換一位真心喜歡你的人吧！,1
"我爸也是這種人
每次他們一起買手機
舉例他會買s24 pro然後幫我媽買s24這樣",1
喔天 這我不行 原地放生吧！,0
發現🍃被抓到趕快撤退🤣🤣🤣,0
那還不換一個男友？？,0
希望牛肉麵的廠商不要給這麼蠢的文案過，重想一篇業配吧～還是牛肉麵廠商錢多到沒地方花，這種這麼爛的文案同樣價格我願意po兩篇哦,1
"我會生氣ㄟ
可以分手了
除非他真的在暗示你減肥",0
"反正都沒在演我就直說啦
這刀削麵超難吃！！！",0
🍃,0
"好煩看到一半就覺得不對勁
往下滑果然有🍃==",0
"我覺得要看
你們彼此有沒有說好？或是你主動告知需求讓他明白？
有的人就是你不說、他也不會問，自己生氣真的只會讓心情更差啦",1
"想請問亞東醫院的情況是，願意自費，但醫師不願意開藥，或醫院沒有藥嗎?
然後藥物價格好像落差蠻大的?亞東說15000-20000，但看台北醫院藥方為2000左右?",0
有警覺是好的，但還是覺得確認了再放上來也不遲，醫院肯定會評估，感覺醫生的判斷是合理的，有疑慮自費拿藥也ok。放鬆點⋯,1
捷運監視器是幾乎沒有死角的，請一定要捷運公司保留錄影檔，才能知道發生了什麼事。,1
"不管是誰
真的很過分😡",0
"好可怕 所以後來是先拿3天份的藥
總共要吃28天 約1萬五嗎？
好可怕😱以後搭捷運是不是要穿長袖了",0
看了監控沒有看到什麼？沒有人跟你貼很近之類的嗎？那會不會是你不小心用到什麼東西？,0
"我覺得是你想太多
怎麼可能有人可以那麼靠近你刺你然後你還不知道？
超詭異",1
"為何留言區都認為是有人惡意拿針刺
心情版都醬嗎",0
我也逆風一下，有可能是被路人的什麼物品刺到或刮到，比如說掛在包包上的吊飾之類的，希望是這樣,1
問的過程都沒人跟你講的有潛伏期嗎…？,0
辛苦了，但愛滋確實有潛伏期，當下驗不出來要過一陣子再驗，祝平安。,1
"所以是個沒看到有人靠近你
就懷疑被人用針戳的可能性🤔",0
"受傷點在手臂內側、沒有印象有人靠近自己
通常有人靠近自己不是會有眼角餘光看到嗎？ 他還得拿著一根針把你的手臂抓住翻出手臂內側然後刺下去
這麼多步驟你都沒有感覺？
我覺得不太可能",1
跟妳分享，北市聯醫一萬出頭,1
辛苦妳了跑來跑去各家醫院,0
"夭壽⋯現在瘋子怎麼那麼多啊
祝原po平安無事🙏🏻🙏🏻🙏🏻",1
您好我是TVBS記者，希望和您聯繫，謝謝,1
"愛滋病毒是無法在針頭上存活很久，幾乎不會造成感染；而像醫護人員工作時不小心被針扎而碰到愛滋的血液或體液感染的機率也低於0.33%，而且只要在72小時之內接受預防性投藥，就可以阻斷病毒在體內繁殖與感染。

貼個衛福部的文降低你的恐慌 但你也有投藥了",0
"逆風一下

為何預設是被人攻擊

也可能是碰到什麼導致

但是一直跑醫院跟心理的煎熬是辛苦了",1
辛苦了 希望沒事,1
希望沒事🙏,1
"我覺得妳有危機意識很好 但也不要過度恐慌
妳說的受傷的位置除非是要刻意攻擊不然應該是很難弄到
但刻意攻擊的話應該妳當下就會發現或是監視器一定會拍到
所以也有可能是妳在某處可能為了閃避或是某個不小心的路人身上的東西戳到妳
無論如何祝妳的結果是好的, 也希望真相早點水落石出(可以的話回來補個後續)",1
記者真的惟恐天下不亂^_^,0
根據上課教的針扎流程，愛滋病毒是很弱的病毒，離開血液幾乎存活不了，我覺得可以不用太擔心，反倒是B、C肝這種得到的機率比愛滋病還要高太多，但大家都怕愛滋病…愛滋病現在藥物那麼多好好吃藥跟一般人沒兩樣，倒是BC肝才要小心（如果體內沒有B肝抗體要自費一針一萬的抗體，24小時內注射）,0
刺人的人到底是什麼心態⋯⋯,0
手臂內側 ？！ 有沒有可能自己身上物品刺到或衣服上有什麼東西  如是人刺應該是由外側臂...,1
"所以還是不知道原因嗎？
感覺超可怕",1
"去醫院抽血
那針筒的針都很粗捏
護理師慢慢插就很痛
何況是有心人想亂插
那個瞬間+用力的力道你怎麼可能沒感覺
插完對方一般是要逃跑，還要裝沒事把針筒藏好走過也太累

我要是壞人要插人一定是找皮膚大面積的
比如背後
插完可以立刻跑
還找手臂內側也太難
而且一定要插很多人啊
怎麼可能只找一個人犯案

能手速這麼快我大概也可以去考獵人職照了

感覺原po是比較容易焦慮的人
但還沒證實過的事po上來
也造成大家恐慌…
比較覺得是被包包上的拉鍊或是吊飾弄到",1
你弟應該是底層沒錢沒學歷的89吧,0
"記得之前有篇女生說喜歡「類」89就被罵爆
怎麼男生喜歡89妹就一堆人贊同了😅",1
奶好垂,0
"那些特徵真的標準配備
還有醫美臉🤣🤣",1
"你弟交女友，乾你屁事
你又多高尚清高",1
"不得不說指甲長度真的完全不影響做事^_^
更

我知道運動、學音樂、某些工作等的
會有些限制 多少還是沒辦法做指甲
撇除這些 大多事情不會因為指甲而影響到🥹",1
除非妳家姓唐，否則妳弟依然被白骨精跟蜘蛛精玩弄。不然妳也可以當觀音去協助他,0
"您好 我是照片本人
網友貼給我看我才知道您使用我的照片做文章
我跟您還有您的弟弟素不相識
您未經允許隨便使用我的照片您知道這樣算是妨礙他人名譽嗎？",1
"但說真的臺灣男生不好找對象
你弟大概就只能跟這種等級的女生交往
（物以類聚不是沒道理）
但還有一堆男生找不到對象
你弟能接受其他人也管不著",0
結果這篇意外地成為乾葛集中討論串,1
不能說和酒店妹一樣，只能說98%大致相同,1
"當女朋友的話，沒關係吧。
要當老婆的話，還是得考慮一下是否顧家跟能不能持家唄。",1
想要名片，我才方便去深入了解，我都是為了你弟弟好,1
89妹其實有些還不錯要努力挑一下😉,1
超緊黑色短褲沒問題 拿名牌包也沒問題 本身氣質如果能駕馭都ok 問題出在鎖骨花刺青+長美甲 光看文字就聞到一股低端味 89妹這種貨色真的只適合低端89猴🐒 妳弟也蠻可悲的 自身條件應該蠻差的頭腦又笨 這年頭還有人暈89母猴…..,1
什麼鍋配什麼蓋 同類相吸,0
嗯⋯不是有刺青就是89妹吧@@,0
低能卡已經被89入侵了嗎？ 之前的89男跟這篇護航的也太多,1
原po是標準毒菇吧！女生應該也沒對你怎樣吧把他的照片發上來有夠沒品,0
"看成弟弟像酒店妹
還有這種好事（？",1
那看來你弟也不怎麼樣吧==,0
"你弟應該也是差不多的同溫層吧……不然哪來認識那麼多8+9類型的女生
只要你弟沒有來動家裡的錢跟你的錢，就不要管他，裝睡的人叫不醒",0
因為你弟也不怎麼樣，講的好像只有女生有問題一樣。,0
看到哭己那邊直接笑出來，怎麼這麼好笑,1
"89妹有分成瞎妹跟家裡條件不好 很早熟 思想也成熟的
只是出入在比較聲色的場所
我親戚的女友就是標準89妹的樣子 
可是我跟他們一起出去吃飯過幾次
發現她人超好的 長得漂亮身材好
對人也很好",1
89妹換成越南妹還優多了,1
"這種女生超讚的啊
很多還可以不戴套無線內射
配合度超好 還能射嘴巴
把自己榨乾那種
我還遇過野外突然想要
都能配合我的
直接射進去不用清 超讚的好嗎",1
+9妹就是漂亮身材好又配合啊,1
其他的不予置評，人家指甲做超長能不能做事干你屁事啊，老人味發言,0
"長期以來，他一直用心經營出虛偽的假人設
騙取善良的台灣社會，當公眾提供龐大商業資源
最終竟然全部變成他，涉案未成年性醜聞時
用來認罪、保密不能公開的性犯罪和解金？

拍攝製造性剝削未成年人的兒少性愛影片，
所有犯罪事證明確，為何在台灣卻能砸錢免坐牢？
台灣淪為一個花錢，就能拍未成年性剝削猥褻片？
能靠花錢收買的司法，體系就問妳悚然不悚然？🙄？",1
會記起來！,0
全下地獄超級噁,0
國小老師....祝福那國小的同學沒被荼毒過,0
"妳自己看看吧「這種貨色」發跡數十年都能坐擁良好
黨派政商關係，他利用媒體資源優勢👉累積不義財富
更由這層人脈👉拿下無數社會獎章、十大傑出青年🤮",1
"不是護航，如果是真的詛咒他GG爛掉
但二審不代表已經有罪定讞
他們現在充其量只是犯罪嫌疑人（被告）
無罪推定保護的是每一個可能清白的人
看看徐自強案
一直到非常上訴才還人清白
但他的人生已經沒有了",0
笑死，之前他還說toyz嘴邱被打活該，怎麼他現在嘴邱受到報應就不行了呢,0
未審先判法學素養果然高✌️,1
有人知道這個阮氏江現在在台灣哪裡嗎？她知道在台灣做詐騙還賣身，知道的請報警處理，,1
"然後會怎樣
台灣政府會保護他們不是嗎",0
"看來台灣離法治社會還有很長一條路要走
民眾的法學素養 真的 嘖嘖嘖",1
沒什麼大不了的事,0
天啊…人模人樣的，結果都是變態,0
可悲 殺人犯為什麼打碼? 詐騙集團為什麼打碼? 還可以根據罪刑輕重決定打不打碼? 幹,0
不打碼真的爽。讓世人看看你們所作的一切,0
"這件事很噁心也很可惡 但兩件事不能混為一談 怎麼會未審先判… 
對嫌疑人打馬是應該的吧 基本人權記者不懂嗎 
也許很多人覺得這件事犯人很明朗了 但其他事件呢 現在不應該退步到寧可錯殺的地步吧",0
統神真的狠噁心,0
"請問還有人記得媽媽嘴老闆嗎？
一堆以為自己神判官很厲害",1
人權也有雙標哈哈,1
"只是涉案嫌疑而已打碼本來就是應該的吧
也不是要護航或什麼的
但這是基本人權
新聞沒做到就帥？
啊如果今天是一個被誤會的呢= =",0
看新聞警員劉先生出來還一直笑，是覺得完全沒差是不是,1
高級會員不是有80個高級會員?抓這些小咖的沒意思,0
唉 噁心,0
好多小草喜歡護航這種垃圾欸，是因為你們也是共犯嗎🤭,1
但老師感覺真的長得蠻老師的...,1
"這就是  性犯罪者的天堂👉台版柬埔寨🤮🤮
掌政高級官員裝的人魔人樣，結果是1個貪瀆重刑慣犯
整個上行下效陰陽怪氣施政，長期包庇性犯罪也4合理
 
而該犯罪集團是長期作案，警政圈早已不是新聞！！    
但貪污瀆職的綠色狗官們，8年完全執政掌控國家機器

用來收賄、關說、圖利，占盡台灣內政治安執行權，
視而不見、不作為，隸屬於中央主管機關高級官員
卻怠惰瀆職，讓台灣人民淪為性剝削者的販售牲奴

政府坐擁數個司法、檢警單位、可偵辦此案的部會！
為何最後豢養出如此龐大的畸形、噁心陰陽偽物？😱",0
#物以類聚 #社會風氣,0
每次看到創意私房都覺得黃子佼和統神真的有夠噁…,1
終於沒打碼,1
嘻嘻 沒熱度，安全下莊囉～,1
拜託下地獄,0
該碼的不碼，然後那種已經定讞被抓去關的碼到我以為我在看謎片……,0
「嫌犯」泛指有犯罪嫌疑而無確證者,0
"看到她就想到唐志平
都是明顯有心理疾病卻又覺得自己沒病不去看醫生",1
自己有錢不會自己叫外送喔....,1
"有些人真的不用在那邊怪網友嘴毒、怪她爸、怪李兒子、到處怪東怪西欸
她就是年紀輕輕遇到有錢老頭變金絲雀
早幾百年前就該想好老頭走了以後要怎樣了
早就是成年人早就該思想成熟了
但她完全沒動腦只覺得現在好快樂好幸福
現在還想要大家幫幫她
哈囉當初你選老頭的時候誰沒勸過
自己選擇自己負責",1
"更新-/
底下回覆我留言真的很棒！
真的很有大愛！
我沒有酸言酸語，如果是這樣，
我實話實說我的看法！
以後遇到精神病患在馬路上被打還怎麼樣，
記得要拿出憐憫之心，告訴自己：她很可憐，她生病了！她應該是生病，不是故意的！
————————————

自己選的，沒有人害他！
人家唐志平是跟媽媽一起生活
因近幾年工作不多，精神有狀況，
媽媽突然過世，我相信他雙重打擊
才會發生精神異常～

但？這女的有吃過什麼苦嗎⋯⋯？
自己要跟老男人在一起
在一起之後又不去工作，誰害的？
說白了自己沒吃過苦啊～
誰知道他跟老頭在一起，
老頭搞不好也勸她出去工作 
搞不好是她自己不要，
都有想法跟人家結婚
卻沒想法規劃人生
你各位結婚，都會規劃跟另一半規劃未來吧？
結果呢？原來跟社會脫節….
我也不知道李是怎麼教成這樣！

拜託….她都多大了？一點都不可憐，
又不是沒父母，沒家庭，無依無靠沒錢

這種人要把生活搞得成這樣要怪誰啊？
她已經比社會那些弱勢家庭很好了！！",0
"好辛苦喔

感覺是家裡沒給溫暖又在心智不成熟的時候遇到那種男人才變這樣",1
"希望媒體不要追著她跑
被鎂光燈放大檢視生活十餘年
還是還她一個自由吧",1
"一點都不同情
自己選的路自己負責吧
這是她的命",0
希望她加油，尋找心理醫生幫助,1
變成巨嬰,1
"雖然覺得她蠻可憐的

不過有錢還會用偷的，應該是心理問題了吧
比較好奇這能不能轉送醫什麼的
不然之後說不定會有更脫序的行為",1
"李坤城真的是不速鬼
朋友請他開導女兒
結果他誘騙16歲少女
噁心死了",0
"她也是很倒楣
家裡狀況本來就有問題
又遇到李這種極度不負責任的人把她養成廢物
她現在應該連正常的交際都有問題了
根本不可能去工作養活自己
除非有人願意幫她，不然她的情況應該只會更糟不會更好",1
"我只是路人但她被攻擊幾年了
時不時就有新聞或文章再報導她
她只是愛上特別的人就被嘻笑嘲諷
能抗住這麼久才脫序已經很了不起了
真的生病不是藉口跟理由
但媒體跟酸民是摧毀她的兇手",0
有沒有心理學專業的能解釋一下她的狀態是真的病了？還是她單純白目？或一時無法接受伴侶離世而脫序而已,1
"還是覺得老豬哥很噁爛
別說什麼自由戀愛要尊重
但現在來看就是把女方弄這麼慘",1
"看起來美國研究是真的
太有錢或中大奬成為億萬富翁
通常是不快樂的",1
"有沒有聖母聖父要去幫忙的
我看不少人幫他講話",1
"-更-
似乎林自己也沒有很想念書……，為了和李談戀愛，蹺課到快退學的程度，林爸才不得已幫她辦休學，結果休學後就變本加厲的和李天天出遊。

-原-
李不讓她念書是最大的錯。",1
"她不過就是談了場戀愛
也沒破壞誰家庭
卻因此被輿論撻伐至今
如果不能幫助她
能不能不要嘲諷她
不是每個人心理素質都很強大
不是每個人都很幸運隨時有依靠
一人一滴口水就可以毀了一個女生
只有當事人可以針對偷吃外送追究她的責任
讓她知道社會沒義務可憐她的境遇
她一直都在承擔自己的選擇
或許不夠好 但這已經是她的極限
如果她沒睡到妳男人吃到你外送
放過她吧
輿論只會逼得她更嚴重
最後整個社會一起承擔這個不定時的微型炸彈",0
"我覺得外送被偷的好可憐～
試想一下點外送的過程➡️很餓➡️因為選擇障礙在平台選了很久可能選了半小時➡️終於決定送出訂單➡️等餐廳製作和外送大約半小時➡️終於送到➡️結果被偷吃🥲🥲🥲🥲➡️又要重想吃什麼😞",0
"唉
一開始媒體就強壓各種風向在他們身上 
說真的我到現在還是不知道他們有礙到誰？
如今媒體還不放過她  
就算她行為脫序 
這社會上有多少人行為脫序 
偏偏她最受寵愛 
只因為她跟一個老人在一起過
連第一時間偷吃東西都還能被拍下來
她生病網友還覺得不甘自己的事 
是她的選擇的路？
她難道會說：媒體跟網友快點來罵我討論我喔喔喔🤗🤗

真的覺得不甘自己的事 就離開 
沒有點閱率就沒有媒體報導 
她會變成這樣 就是整個社會大眾一起加成上去的 完全不需要否認這件事實",1
其實她爸爸根本沒有不管她阿，那些她爸對她如何不好的事都是林自己說的，從來沒有證據佐證，反而可以從她的文字看出她從小就是一個叛逆的小孩不服管教，反觀她爸爸就是覺得她難管教才請了李來協調關係，而且林還有一個姐姐，姐姐就過的很正常也很幸福，當時她硬要跟李走，她爸爸用了很多方式留她，她都不願  所以她不可憐，這就是她的選擇,1
"應該是被社會與論壓到反社會人格出現..
壓力太大又無處宣洩",0
超好笑 一堆聖母,1
"網友少白癡好不好
別再他媽給我怪到別人頭上去
什麼社會輿論 沒人幫他吧啦吧啦的
幹您娘都成年那麼久了
找一份正常工作刷條碼加油站速食店怎樣都好
好好生活不要影響別人是多難？",0
"未成年就跟人家走了，人生最精華的十年，沒有唸書，沒有正常的社交生活，李就是她的全世界。現在連謀生的能力都沒有。到底是愛她還是害她。
當時很多人說過了，只是愛最大，完全聽不進去。",1
不懂為什麼那麼多人同情這種的,0
"好好笑 怎麼生病的是女生就一大堆聖母神父在同情他 怪亡夫 怪家人 就是她本人一定都沒錯😂
今天如果是一個男的早就被罵到爆了
而且偷吃別人外送到底是三小🤣",1
看了新聞真的蠻難過 明顯是生病了卻沒人能幫他,0
"是非題：
法院判決很重
（⭕️或❌️）",0
"為什麼要和異性進房？
為什麼不保護好自己？",0
"試問 
有一個瘋女人抓著你老二跟蛋蛋 
你有辦法馬上掙脫？
怕都怕死了好嗎",0
"我怎麼記得這個是蠻之前的事了
而且那個女的好像是阿姨還阿嬤了",1
我記得那女的有yt,1
一定不正,1
老女人好恐怖,0
"超噁
竟然才判一年多= =",0
阿姨是不是以為每個年輕人都不想努力了？,0
超噁心的球,0
看過這位阿姨的照片 如果是她年輕的時候 可能結局不一樣,0
所以女的是多重，才能讓180公分的阿隆推不開😬,1
那女方的化名叫阿龍,0
太可怕了,0
阿隆！you are the man!,0
女的有照片嗎,0
"怎麼覺得有點輕
這個有男女平等嗎？",1
感覺阿隆很帥😍😋,1
有種衝著我ㄌ...來請先去整形後再來,0
"乾超噁
不管加害者是男是女都超噁",0
"是這位嗎⋯⋯
如果是她 難怪男生覺得身心受創",1
身高180的男生要怎麼被阿姨壓制啊 他很瘦弱嗎？,0
這判決...嗯，真好,1
"說真的 超噁
男生也要好好保護自己不要跟怪人回家🥺",0
這男的故意敲詐,0
"如果今天角色互換妳可以接受嗎？
自己的爸爸離開然後妳的丈夫在ig發限動出去玩
如果有共同朋友他應該還要被問說
？你家不是在辦喪嗎？怎麼在國外？？
不用幫忙嗎？？？
目前以第三方角度來看差不多是這樣的感覺
我自己不論和丈夫或是婆家好不好，在還沒離婚的情況下，還是得出席那個場合吧
表面功夫至少要做好，不然後面日子還要有更多的疙瘩不是很累嗎？",0
"問妳先生的意見，
這種事情妳那個🤣不太妥當。",0
"真的很像鼠輩一樣 你心裡就是不想去還扯關係
不想去不去便是 還怕別人講
你自己也知道這樣做有點問題吧 不然不會這樣問
滑了很多留言只說關係沒有到很好 看起來關係就是普普通通
如果是我 另一半家人掛掉我還是會陪
不在於說我在於禮數 更多的是陪另一半度過
我是社恐也不太敢跟對方家人交流相處 平常更是不太會說話
也被對方家人說過是豬吃掉小白菜（我是豬==
但沒有陪在對方身邊我一定後悔",0
"不會為了公公 但會為了老公改期 會想陪著他
但如果你是被婆家欺負的媳婦老公也都不幫你就另當別論",1
看完留言只能說原po老公好可憐 底下建議原po陪老公的她都不回 一個諷刺她讓她出去玩的她就回了 還看不懂別人在諷刺,0
妳不留下來陪伴妳先生嗎⋯⋯⋯？？？,1
感覺你就很想去,1
"不管你和婆家好不好
覺得用「中獎」二字和🤣符號都是相當沒禮貌的事
只會拉低自己的素質",1
"你好像覺得自己很可愛
這麼委屈你的旅費 頭甩了直接去啊，演這齣還來調查是為了什麼？😅",1
"🤣？妳這個表情代表什麼 
還有半年 半年後 思考也來得及",1
之前遇過家人過世，寫信給旅行社是可以幫忙退費的，但老公的爸爸剩沒多少日子他身為兒子應該不是太開心，但看你這麼問好像無所謂，是跟老公感情也不好嗎？若是的話你也不需要在乎這個了，就去玩吧！,0
"雖然我知道錢退不掉很糾結，但你隊友爸爸過世的時候你準備放他一個人在家去傷心跟處理後續嗎？


正常來說還有2個月，不太可能都不能退，尤其是旅行社，法律有退費標準，不符合規範的契約是無效的。
不過那種不讓退/改的優惠機票、住宿就真的沒辦法了。
但不管怎麼說，為了長遠的伴侶關係，這件事還是跟你隊友好好商量一下吧。",1
"畢竟是你先生的爸爸
基本上還是要出席吧",1
你是台女有免死金牌，想去就去吧！角色互換如果你爸爸剩3個月，你老公朋友揪越南開心團出遊，在網路就被罵翻了。,1
問這問題...是不是有點...太冷血了點,0
離婚 再去玩 因為你還年輕 還可以找下一個,0
"應該跟妳先生討論可行方案才對啊🧐
但如果人真的走了，除了要事外出殯那天不會缺席除非你們家族根本感情不好",0
"妳自己換個角度想
妳爸死了，妳老公出國跟好兄弟玩得爽爽的
妳心情會怎麼樣？",0
你老公太慘了……,0
真的不用問吧直接取消，做人將心比心，而且🤣到底是什麼意思要這樣發問⋯,1
看來妳就是想出去玩，去吧！玩的開心一點，反正妳一定是個不怕別人三言兩語的人，妳只是發問想找支持妳論點和觀念的人而已。,1
"這不是應該看妳老公態度嗎？
如果跟婆家跟老公感情都不佳 就不用去了啊
管他什麼傳統",0
"直接說公公就好了標題幹嘛打「婆家有人」
還以為是什麼不太相干的親戚",0
如果是我會改期，會想好好陪伴先生度過這段治喪期間，撇除別人的言語，只是因為這是妳老公重要的親人，想當然如果是我家人治喪也會希望老公在旁陪著我,1
"基本上是公公出殯的話，傳統文化媳婦占的角色很重

另一方面再如何他是妳老公的生父，建議妳延到過年或取消，這麼重要的日子千萬不要錯過
老公心裡一定不好受，陪伴成為他的心靈支柱是很重要的，這段期間辛苦了",1
"什麼叫中獎？
什麼叫 🤣？


一開始很快看過去還以為是你重病，不知道要不要出去玩
再看一次鬆了一口氣
看完內文..
呃這種素質寧願是我第一次看的標題",0
你好扯⋯是你先生的爸爸欸，這還要問！？,1
"老公的爸爸對他來說是很重要的人吧
你爸如果被宣判這種事情你老公還在那邊擔心不能改期跟退費這種事情你覺得妥當嗎？
儘管今天在怎麼感情不好 
老公對你來說都是重要的人
陪他爸爸走完這短短的日子不過分吧",1
你在🤣三小？？？,0
"看到大家都好喜歡道德綁架喔⋯⋯
如果本來關係就不好，先生也不介意，到底為什麼建議別人取消啊？
通常會上來問，就表示關係本來就不好了吧？
如果關係本來就不好，說真的也沒有必要做戲假哭啼。",1
"護理師是醫院最辛苦的職業，要第一時間面對無理取鬧的病人，要被醫生管/罵，事情要分輕重緩急。控制病人與溝通、發藥、提醒、護理、檢查、紀錄，問題永遠煩不完，事情永遠做不完。有時候要幫其他同事做事，有時候緊急遇到出事的病人又要心臟爆發。而錢又比藥師少。

藥師有什麼好煩的？單子收了對一下沒什麼問題發藥，不用面對護理師、不用面對醫師、也不用面對病人，有問題只要打電話提醒醫師看錯藥，沒了。薪水又比護理師高。

我3x都要重考藥學系了。",0
"問廢話啊⋯⋯
護理系跟藥師的分數就有差別
又不是每個人都考了到
那你要這麼說為何不拿醫學系跟護理系比較？",0
能上藥學系的少寫一張考卷都是能上護理系吧，能隨便選幹嘛不選醫學系,0
沒什麼好互攻的，這些明顯就是政府雞巴爛造成的,1
四大四中的可能都考不上藥師,0
因為他們是護理系/科畢業…,0
我也不懂自己為什麼不生在首富家，現在還要辛苦賺錢當社畜😭,0
護理師到底為什麼跟藥師比。。。領域根本完全不同啊，況且不擅長讀書也可以讀護理（頂大和醫藥大學除外），但讀藥學是要成績很好的,1
人那麼辛苦為什麼你不去當神,0
"護理不是每個都那麼低，藥師也不是每個都那麼高，為什麼不拿藥師的地板比護理的天花板？至少我們醫院兩種職類年薪差不多。

但我覺得護理的福利好多了，講話夠大聲，公會也夠力。",1
"比起問這種奇怪問題，還不如在他們爭取權益時，多為他們發聲

這個社會運轉當中，很多崗位都很重要，
你想想看如果沒人當護理師了，醫療體系得成什麼樣

一個健康的體系，應該要相對保障所有人的權益，不被壓榨",1
"你這種問題不亞於問律師為什麼不當醫生
每個科系在校學得課程就不一樣，不同職業，需要不一樣的專長

不然大學幹嘛分系啊大哥",0
"因為考不上啊
同理
當藥師也有一半的人是考不上醫學

你要搞清楚為何該科系分數會高
才不是什麼該科系內容難易度
而是畢業後本質學科的平均薪資才是
如果要比難
數學系物理系那些才是真的難
三類組的雖然也不簡單
但很多也能靠硬背
還有重複的操作練習來達到一定的水準",1
人這麼累你幹嘛不當狗？,0
難道只有我覺得藥學系對其他非醫牙的三類科系的敵意好重,1
"這什麼搞笑問題
你乾脆問為什麼路上工人不去聯發科當工程師算了
或是問為什麼竹科的人不去矽谷賺更多",0
阿為什麼你不去當藥師,0
護理在台灣可以只是跳板，到國外當護理師還蠻好的～,1
"講得好像只有「護士」辛苦一樣
你一定不知道醫院有哪些醫事人員",1
在台灣三類醫療人員都很慘 藥師護理師都值得更好的環境 沒必要互相比較,1
"會問這種問題的感覺就不是護理出來的，藥學的分數多高，護理的分數又多高
但就算不是因為分數，人家也有所謂的熱忱在",1
好了啦，又在網內互打，政府的政策問題，然後三類組互打有意義嗎,1
啊 世界上又不是只有護理跟藥師,0
在醫院工作都很辛苦 何必網內互打,0
財富及權力地位密碼：專師,1
留言好多藥學系唉滴,0
"無論哪個都是被醫院壓榨的存在🤣
問我為什麼要當藥師
因為考上藥學系 考上藥師國考 所以當藥師",0
"為什麼總是拿藥學系跟護理系比？

有能力的護理系學生以及已考取執照到護理師都會積極轉跑道（重考、轉學考、高普考、或其他職業）

沒有能力的只會在threads、個版拿藥學系跟護理系比...
我想他們就是喜歡在舒適圈裡看著外面羨慕嫉妒吧

不然就是看公會夠不夠力
護理師公會真的很😊",1
因為考不上啊ಥ_ಥ,0
建議你開卡稱，下次發廢文方便封鎖。,1
沒公園綠地感覺市區的燥鬱症病患人數會飆高,1
真心建議你多讀點書,1
少子化大學高中都倒ㄧ堆了，公園根本也沒必要性，建議公園綠地全賣給建商蓋房炒房。,1
中國文化大學有存在的必要吧,1
"下一篇
博物館有沒有存在的必要
公廁有沒有存在的必要",1
"種草莓行不行，出門散步帶煉奶，邊散邊吃
你出錢啊",0
其實很多阿公阿嬤都會去公園散步運動 為什麼沒有用？,1
.....你是故意發這種文的嗎？,0
沒有公園，你整天在房間裡沒地方放風,0
怎麼又是文大的再亂,1
笑死 把都市規劃當作開心農場在玩🤡,1
熱島效應,1
看來對都市規劃完全沒有概念,1
這是反串…對吧…對吧？？,0
我建議公園改建成圖書館，讓你多讀點書,0
"感覺公園變更成建地在實務操作上有難度
基本上周邊住戶一定會抗議, 會影響到選區的立委跟議員
政府要主導的話要面對很大的輿論壓力, 而且會花很久時間

不然就要有建商大力推動, 要打點的環節很多
需要動到整個都市計畫, 檯面上跟檯面下都要花很多錢
與其打公園主意不如去收購別的地簡單的多

至於分隔島種植農作物就更困難了
除了土地以外還要考慮很多其他成本
在零碎的小土地上種植, 灌溉, 收割的成本都高得驚人
就算種的出來價格也會高到賣不出去",1
看來是小草同路人,0
"？
莫名其妙
講得好像你很有經濟價值一樣
還佔了一塊土地
不懂為何要浪費空間",0
"水泥叢林多熱你知道不？
好歹要有一些綠地讓都市降溫跟減緩熱島效應帶來的熱浪",1
增加自給率基本上是微乎其微，有多少人願意不去買更便宜的進口貨？,0
"紐約都有中央公園了

台灣再怎樣寸土寸金，有比紐約還金嗎？",1
如果這樣說的話不如把廣設的一堆大學也拔掉吧 給一堆不讀書整天搞事的8+9猴子們不如把那塊地挪作他用,1
不可能讓都市內的除了道路的每一塊土地都蓋房子，這是法規規定的，而且正常的城市規劃也不允許這樣，因為會超過城市的負載人口數，簡單說越多房子越多人會搬進來，那麼學校、交通、醫院等等設施會無法負擔這麼多人口。就連蓋房子也不是想蓋多高多大都可以，都是要依據政府的市政容積率規定，你也不想像沙丁魚一樣一堆人跟你擠在一起搶資源吧,1
"確實不該有
還會有一堆乞丐在霸佔",1
確實欸，應該要建商建造「私園」，你想要小孩有好的環境可以玩，那就去買有私園的房子，公園全拿來蓋房子，這樣人人都能有個家,1
"紐約中央公園：？？？
訪客數每年約3,750萬人
還有分隔島種什麼鬼東西
一堆不會開車的再被這些東西搞到不會看路就是繼續車禍",0
沒錢人的思維,0
你要知道公園附近的房價會比較高耶⋯⋯⋯怎麼會沒有經濟價值,1
"我比較想公審你欸 道德那麼高 勸你自己騎車開車吧 
動不動就公審別人 嘴長在臉上 麻煩跟他說
你蹺腳讓我不好站 不要當膽小鬼好嗎",0
大哥，小弟留言改這樣夠明顯嗎🥺🥺,1
俗辣,0
什麼破事都要搞到公審的人，是不是也支持六法全書唯一死刑啊？,0
"遇到這種事情我都直接當下講
順便錄影自保 你不覺得你在這邊講很沒意義嗎",1
是不會當下跟當事人講膩？,0
Dcard快變中年公社了,0
"不敢當下跟他講 只會用公審的方式來讓自己得到優越感 你真的也好不到哪去
既然被擋到站立空間 就請出聲讓對方改變坐姿 這樣po網有什麼用處？都唸到大學了還不懂得替自己爭取權益？ 還是你偷用爸爸媽媽帳號辦dcard的？",1
完全看不出他的腳哪裡有擋到2-3人，反而是站著的兩個靠他那麼近，根本沒空間把腳放下來好嗎，很明顯你才是那個欠公審的人,0
挺你，我也很討厭這種人,0
素質差的人就怕遇到瘋子，哪次忍不住了吼他兩句，讓他以後都不敢搭車,0
"你給人家亂拍還貼網,更沒道德",1
"兩腿交疊其實沒佔到多少空間吧 
如果是腳伸很長 打很開 還比較說得過",1
笑死，樓上素質差的爆氣了，整天在外製造成本還易怒,1
"是我道德觀太低下了
還是大家真的認為這嚴重到需要公審？

這個照片裡面腳的位置也沒真的影響很大，也看不出是故意這樣做的，看前面論述還以為是下面這樣",0
所以你說了嗎,0
"他收回去
是會多一個人站嗎？",0
這樣還好吧 你公審他水準更低一點吧,0
去跟他講啊，跟我講幹嘛，可憐,0
"到底為什麼什麼事情都一直公審，道德標準有多高到要不斷的去糾正別人，擋到一個人站位也要公審，那以後我拿吸管不小心多拿一隻要不要被公審，還是我拿二十個一塊錢買東西也要被公審？
比起擋到一個人的站位，偷拍我還覺得更應該公審",1
膽小鬼,0
"你拍的照片很明顯他右邊塞了一個黃色衣服的人
導致他的腳沒辦法正常放= =",1
我是看不出來哪裡擋到人啦，也不是腳打開去影響其他乘客,0
"笑死
啊怎麼不扒下去
只敢上網嘴砲",1
如果我左右都是異性我也會想蹺腳欸,1
"我是腳要站開才能站穩的人
通常遇到這種我都會腳打很開站在他前面，讓他的腳卡在我兩隻腳中間又不會碰到的情況

然後他們就會收回去了🤣",1
"這根本沒占到多少空間
你是都不怕被對方告喔",1
"你是中老年人哦
Dcard快和臉書一樣整天發廢文公審別人
這是要紅什麼啊
笑死",0
我覺得你比較欠公審啦,1
"人家腳伸多長、要怎麼坐都不違法啊，
但原po 你在這公審有沒有違法你自己看著辦囉



改一下留言，免得更多人看不懂🥺🥺",1
"到底多癢？路邊遇到的女生也能帶回家⋯阿那個的女的也很讓人問號= =這麼隨意的嗎
這男生根本不是真心對妳⋯下一個會更好
你把自己的生活過好 交一個相愛的男友 讓他看到 羨慕死他^^",1
虎頭山的旅遊🍃嗎,0
是基本但是就是有很多人做不到,0
妳在知道這個人不專一之後，乾脆俐落地選擇分手，我覺得很棒！祝福妳遇到更好的人～,1
請問妳是在澎湖、金門還是馬祖？,1
"我到底看了什麼….
現代人的感情還有什麼可相信的？",1
"噁男
他一定會有報應的！
不過還是恭喜你",1
無言以對，真希望公布這種人,1
"出車禍還能打破ㄆ
真的很強
史上最奇妙的ㄆ友",1
"這也太容易了吧
而且那女生受傷 做不會痛嗎😵",0
"一定很帥
原來路上救車禍的人也可以順道幹好多砲",1
"那女生摔車受傷包紮後，前任還帶她去打炮？是背叛你還同時趁人之危嗎？

恭喜你擺脫爛貨。",0
ㄜ..這劇情走向和噁男真的我不理解,1
從一開始車禍就是騙人的吧,0
"感情有排他性需要忠誠跟專一
但是這個世界上有很多的誘惑
有些人還沒進化，沒辦法去抵擋這些誘惑
只能恭喜你已經遠離這個人了
連老天都在幫你
之後肯定紅紅火火順順利利",1
好離奇的出軌,0
怎麼可能路上撞到一個女生就帶回家打砲，太瞎了，這兄弟騙人都不會，妳前男友跟他哥打砲我還信,0
"妳是說
牠在路上看到女生受傷
然後當天就帶她回家打砲 

？？",1
"這個故事變換的很突然很快

以為是男友在想要怎麼提分手，才在爬山的時候先來個最後的視訊/陪伴，然後下山後想好好提分手所以才慌張不懂要如何開口⋯ 

哪知道是什麼突然遇到一個受傷的女生，開始慌張幫她處理傷口，然後就把人載回家打砲？女生也OK這樣？蛤？

前女友也很厲害會通靈，怎麼知道你們分手？
分手後馬上加妳告訴妳他們之前有打砲
感覺他們一直在聯繫，分手的事是男友跟她說的，前任才知道，可能過意不去才跟妳說",1
瞎透了 只靠下半身思考 你是對的 很棒！,1
"這個發展真的好詭異
看起來好莫名其妙",0
"痾
哇……..",0
"我以為是要講去山上卡到陰的故事
殊不知這結局….？
真是猜不透啊",0
騎著騎著就騎進去了,0
"感覺車禍根本是幌子
但也好 順利分手了 恭喜妳",1
"這是中邪吧
什麼鬼故事",0
一個人上網感到好無助,0
這是什麼神劇情？直接把傷者帶回家打炮？,1
"欸不是 那個人也就這樣被載回去打砲
什麼荒謬絕倫的劇情啊...
除了原Po 大家密碼都1234嗎",0
出了車禍還能打砲???,0
"妳是綁哪家的卡啊？
要看是哪個銀行的才比較好處理＠＠

簽帳卡真的不要給人家亂綁
被盜刷就只能算自己衰
沒有及時關閉就很難討回來了
建議可打電話去客服問看看",0
"直接拿卡去銀行換一張
隨便找個藉口就好
這樣這張卡就會失效",0
也太扯了吧⋯⋯很難看,0
告他拉,1
年紀輕輕就養小白，以前的年代哪有女生出半毛錢的事情，現在還有AA什麼的，以前完全沒聽過,1
好爛的人。。。,0
"挖靠 這我忍不下去
都分手了還要貪我的錢...",0
很葉…,0
長這麼大，不知道這種行為是犯法的嗎？他就賭妳不敢抓他，親戚都不行了，還前男友，報警～,0
"1.建議打給客服直接報遺失，換一張新卡
2.檢視這幾個月被盜刷的項目跟金額，條列出來並留下文字紀錄
例如:
2024/02/07 - UberEat - $487
2024/02/07 - 應用程式 - $74

請確認以上消費金額，共計$7487元，
請於XXXX年XX月XX日前匯還至XXXXXXX帳戶
如未歸還，將交由法律程序處理。

傳賴或簡訊都行，都比口頭語音好",1
當成是學個教訓 但怎麼說盜刷就是不對,1
寄生蟲的吃相真難看,0
支持告他,1
"妳因為一些心理病症影響了生活
或許妳很困擾，但事實是妳也影響了另一半
也許妳認為他都答應妳了，為什麼還不耐煩
但他的情緒和心理狀態
不會24小時365天都一樣

我在這整篇文章看到妳敘述的是
妳不斷表示自己心理狀態的脆弱
而先生不願意體諒妳，甚至表現不耐煩

但我實際看到的是
先生即使不滿意，他仍幫妳完成這些事
或許他的反應不如妳期望
但他從來沒有抱怨過什麼
而妳卻一次次認為他沒有體諒妳
「我真的覺得很荒唐...為什麼一位丈夫、家人會想看到對方辛苦，心裡才會平衡？」
妳打這些話的當下，妳有看到他的辛苦嗎？
我無法推斷有沒有
但 我看到的是妳把這一切視為理所當然
包括他說寄完貨還要回公司
想必妳也覺得他是在找理由推託吧
妳找不到袋子不開心，所以讓他上樓拿
但這不是妳的工作嗎？
妳應該在他要到之前就該準備好
而不是不滿意自己的狀況就拿他發洩

坦白說我人格特質跟妳一樣
另外，我有恐慌症，還有人群恐懼和社恐
我是24小時育兒的全職媽媽
大部分的事情也是先生處理
但我總會對先生覺得抱歉，因為我 他才那麼累
前陣子先生開刀，需要休養至少半年
這段期間不能騎車也不能開車
這個時候如果是妳，妳該怎麽辦？
我不會騎車也不會開車，所以我選擇搭公車
（之後會努力克服去考駕照）
其實在結婚前，我也是常常搭公車
（當時只要人太多我就會很焦慮🫠）
只是全職三年，加懷孕快四年
我心裡有很多的不安全感
但 我不想麻煩遠在其他縣市的娘家或婆家
我認為這是我們自己的事情
未來孩子要上學或我要進入職場
很多事情也要克服
所以即便覺得沒安全感
我還是在這之前盡力做好準備再出發

有很多事情是可以慢慢練習去克服的
只是妳願不願意踏出去？
妳一開始會掙扎害怕都是正常
妳可以請先生陪妳一起，讓他教妳怎麽做
有了一定流程，妳一定也能自己踏出那一步",1
"我也是INFJ，目前有一個嬰兒沒後援，也是常常會覺得先生婆家讓我壓力很大，我都會想說如果我離婚了，我自己單親帶孩子要如何維持生活(就是幫自己想後路)
你有沒有想過如果哪天你先生沒有在你的生活裡，你的蝦皮/生活怎麼辦？
不敢騎車，那就開車，想辦法克服，女生真的要幫自己想後路…",1
工作跟婚姻分開，妳把工作成本省下來，他卻沒有得到更多的好處，怎樣都疲倦，更何況你們感情也不復當初，一天四小時500或700元，固定請附近媽媽們寄貨（送完小孩兼差那種彈性半天寄貨），不會沒有人力市場,0
"有沒有持續就醫？
如果婚姻真的很不開心可以分開回娘家，然後家裡距離蝦皮門市多遠呢？？自己拿露營拖車慢慢散步過去寄貨呢？",0
"看前面雖然已經好幾個問號但下面這段讓我真正問號❓
你要麻煩人家幫你寄貨，結果連把自己的貨拿下去讓你老公方便一點都不願意嗎？",1
看完只覺得你比較讓人窒息，老公已經很配合了。,1
"麻煩那麼多、然後人家還不能不耐煩
因為妳高敏跟有憂鬱症.....總之就是完全不能嘴不能不耐不能不滿.....
壓力好大啊.....其實沒有人欠妳耶，就算是老公也不代表要承受這些耶",0
"你自己身為高敏人，還一直委屈先生去幫你寄貨
而且還是每天，就要別人配合你。
都一直麻煩人不會內疚嗎
連基本的上班交通也是麻煩人，難怪你婆婆會說話，連個外人真的都看不下去了。",0
"到底有什麼立場來這抱怨好窒息的婚姻跟生活。

該抱怨的是妳老公好嗎",0
你老公一定很愛你，不然我是沒辦法上班就要忍受高壓，下班還要到處送貨，重點是要小心翼翼照顧玻璃般、易碎的心情…,1
你高敏的部分只對自己，對老公的心情倒是很鈍,1
"我覺得你只是自私又玻璃而已
不用用「高敏人」來包裝自己",1
"我覺得你不能用生病來合理化所有行為耶
再加上你都說你高敏了
可能言談之間都容易放大先生說話隱含的情緒
雖然起初你先生有答應要幫忙
但也不能當作一切都理所當然
如果這已經成為你們互相折磨的點
那不如就像前幾樓說的找一個小幫手幫你分攤",1
"妳真的是很麻煩
不管發生什麼事都站在自己是受害者心態
跟這樣子的人長期相處誰能愉快
丈夫願意配合妳妳也要適時給予肯定和感謝
而不是連態度都要求人家永遠保持笑容和服務妳的熱忱
就算曾經在婆媳問題上虧欠過妳
也不代表要把那個情緒帶到家事或公事

我覺得婚姻是因妳自己變得走不下去
妳的心態真的要稍微調整一下
放過彼此好不好",1
我覺得目前看起來容易吵起來的點是他要幫你寄貨，妳看起來的確是比較脆弱敏感，但騎車這個部分還是可以再試試看，不要碰到障礙就縮回去，大家出外打拼哪個不是跌跌撞撞的，妳把機車練回來自己寄貨自己騎車上班，獨立一點很多事情都可以解決的。,1
"看起來就是你先生付出比較多 不論是幫妳做事 和 還是照顧妳的情緒, 妳至少態度上要對他體貼, 從文章裡看不出妳有同理. 角色互換妳早就爆炸了.",0
"妳先生真的很累
麻煩自己要做的工作
就請自己去克服做好",0
覺得妳寄貨應該自己寄，公司分明一點，或是你該付出跑腿費用，你想如果委託別人寄貨要不要給錢？,1
整篇看下來你似乎都在強調自己的委屈，你有想過先生也許也有委屈在累積嗎？他平常要上班，回家還要寄貨，他表現負面可能是因為他累了，等於有兩份工作，你真的把他去寄貨這件事看的太理所當然了,1
你真的高敏，因為那是你工作為什不是你去寄，老公下班也想休息，還幫你跑寄貨真的是很乖，而且他應該是覺得太累了現在外面又熱，但也巴結做，你還硬碰硬，如果可以讓他少跑幾趟，下班就能休息，我會扛一點，必竟是我自己的事業,1
"看了原po的更新，我建議離婚吧，放妳先生自由。
大家跟妳講了那麼多，妳還是堅持己見，認為蝦皮寄貨部分因為討論過，就是先生應負擔的工作，但造成他需要「加班」處理寄貨工作不就是妳自身問題而導致交通障礙嗎？
原po有提及蝦皮收入有用在家庭上，那先生的收入沒有拿出來供小家庭使用嗎？如果有，反過來說，原po妳是否有幫忙先生寫企劃、跑業務(或負擔其他工作內容)，以及面對主管或是長官的壓力嗎？

婚姻不是單一方一再的容忍與包容，而是要互相。",1
毛好多，不要消費高敏可以嗎,0
他不是你的員工,0
"請先生幫忙寄貨有付費嗎？
就算是家人
長期「免費」幫忙工作真的會疲乏
（做家事不同 因為幫自家做家事不會帶來收入）
如果心理健康狀況不好
是否考慮去諮商或看精神科醫師請專業協助
長期支援一個無法獨立生活的人
真的會有很大的心理壓力",1
"怎麼好像妳只高敏關注在自己身上
因爲他心情不好->導致我也心情不好了

但妳沒有深度共情到妳先生的感受來源耶

妳以前沒有過就真的下班很累了想耍廢不想再出門的時候嗎
當初是說好了協助沒錯
但講起來協助就是幫忙不是全職
有沒有可能
在他的概念裡他有他的正職工作
而蝦皮是妳的正職 妳沒有完成
然後他下班回家看到的是妳在打遊戲或睡覺
讓他收尾（寄貨）

妳說妳的上班時間是半夜  他看不到妳辛苦的地方
雖然妳說妳知道他辛苦，但看起來似乎沒有捏

妳說他沒辦法轉念讓自己寄貨沒有負面情緒
啊妳自己也是沒辦法轉念讓自己能騎車啊
說自己高敏憂鬱然後就要對方都做到好
他是承諾過了  但他也不是完全擺爛不做

妳之前可以搭計程車上班
沒有幫手，那能不能搭計程車寄貨呢
如果怕車費高就只寄量多的那個選項
可以剩的再跟先生說剩別家繞比較遠要麻煩你
就是一種有試圖努力幫忙而不是理所當然的感覺
長時間下來會磨損雙方的感情的

像是他下班後還要回公司就有點煩躁了
妳如果是真的體諒他辛苦的話就算沒大袋子也能下樓拿袋子再上去裝吧

抱歉  真的看起來在這段關係中妳沒有互相的概念
我認識的高敏人都是善解人意且會珍惜反思的
他們會怕麻煩別人所以會修正自己不讓別人產生負面情緒而影響自己
而不是直接想要對方不要有負面情緒",1
我覺得你老公應該壓力很大吧！你就像一個玻璃娃娃很容易碎，你沒工作他可能還比較輕鬆，你憂鬱症有持續就醫嗎？還不如先把自己調整好，到不必依賴他的程度，說真的你老公抗壓性很高，遇到這樣的你，他沒爆炸蠻厲害的。,1
建議請幫我寄貨的小幫手，時薪200讓你們夫妻感情好一點,1
"完全看不到妳付出什麼
只是一直強調自己高敏 這個不行那個不敢
比較辛苦的是妳先生",0
我覺得有點說不通，妳說妳是高敏感人，但妳卻沒辦法將心比心，妳先生下班後還要幫你處理寄貨=他要加班的疲倦感，妳只覺得「有單就是要每天寄，這也是先生本來就知道的」，而要求先生理所當然地負擔⋯,1
"你的工作還要麻煩別人=他在加班
你以前上班的時候喜歡天天加班嗎
為什麼不直接請小幫手固定時間負責去寄貨
或是用推車自己拉去711.蝦皮店寄貨",1
之前說的人頭該不會就是⋯⋯,0
"親戚還是當親戚就好
牽扯利益遲早只能拋棄",0
昨天不是阿嘎有發澄清的文嗎 說只是家務事,0
"但⋯嘎妹20分鐘前才跟蔡男一起出門⋯
真實情況是怎麼樣都說不準，只能說我還是挺阿嘎。
他從以前開始都不是會為了蹭流量消費別人的人，何況是他最在乎的親人（對方是否有同等在乎我倒是不知道ㄏㄏ，沒有實際相處過，但就我看到的情況是一定有做什麼讓他心碎的事情）
也覺得之前合作過後，他一直都是跟初衷相同，只想好好拍影片的人。
願世上和他一樣善良的人身邊都只有好人，這一波希望能讓帶走他所有的業障和鳥事。",1
🪑,0
"跟蔡男相處過就會知道他不是這種人
Iris跟蔡男真的是認識很久很久的朋友
跟一個認識不到幾年的人甚至相處時間跟不長的人
一起串通搞朋友的哥哥這戲碼根本不合理
拜託大家不要再亂猜測了",1
什麼ABC？,0
女神卡卡,0
難怪被貼貼圖,1
好猛 都有當柯南的本事 這樣也串的起來,1
"網友也太強大了吧😂
與其讓網友一直猜 阿嘎出來好好解釋啦
為什麼要用 AB 碼蔡妹的臉？",1
先卡,0
置板凳,0
蔡男有解釋了 自己去找吧,1
卡一個,0
？卡,0
卡住,0
該不會C 是菜男,0
卡卡西,0
"純屬猜測

由於親情關係，嘎妹可能真的不會知道AB合約的事情，但並不代表她身邊的人不知道😜
要贈流量也不是只有她這樣

該不會C 是菜男，然後當初嘎妹離開可能是因為其他員工不喜歡菜男，覺得很失望 那麼信任的朋友被大家討厭
然後菜男跟蘿拉其實是同一夥，串通好讓菜男博取嘎妹的完全信任，甚至買精品給她
利用跟嘎妹是閨蜜的關係，拉近距離，看可不可以調出公司內部更秘密的消息

剛再去看一次菜男的第一張唉居照片，那種神情跟蘿拉有點像🧐

交友真的要小心

————更
剛剛看到嘎妹限時動態又跟菜男還有另一個朋友出去
如果最後查清楚 發現菜男屬實蘿拉一夥
嘎妹卻還是選擇相信朋友大於親情的話
真的是會讓嘎哥和家人們很心痛很心酸",1
卡,0
原來想搞事情… ，就是從對方的另一半著手最快？畢竟沒有共同情誼，大多都會以利為優先,1
"現在還是等當事人出來解釋再說吧⋯⋯
不要自己當柯南

給他們一點空間處理啦",1
"你的圖二是歷史的資料喔
要不先查好資料再來啊",0
"挖靠
ABC的C 難道真的是嘎妹
連堂妹的都這樣真的會很切心欸
明明阿嘎在他北上求學幫助他超多...",1
不是⋯她臥蠶一定要畫那樣嗎 不好看,1
"一開始看到瀏海造型眼睛一亮
但時間久了還是覺得員瑛中分最好看🥹
希望再回到以前的髮型",1
Dive們已經習慣每天都有員神啟動了～,1
超級漂亮🫠🫠🫠🫠,1
"感覺換個髮色多個酒窩 就很像Liz 
都是漂亮的人啊⋯⋯",1
臉完全沒有一絲多餘的肉 也不乾癟 三庭五眼比例真的很像AI,0
"怎麼可以有人長這樣美🥹
現實生活中完全沒遇過這種美女  
真的是仙女🩷",1
"不管她的臉笑不笑
都是好美的臉啊啊！！🥹

有的人笑起來蘋果肌會很凸出
但是張員瑛完全不會🥺
為什麼可以這麼完美啊～～",1
她真的很好看！！！！,1
"神顏
真的不用爭了",0
"路人看到縮圖照片點進來看
也太漂亮了吧",1
"以前覺得她雖然好看
但不是我喜歡的型
直到有一次看到她瀏海造型後
突然就get到她的美了
長得漂亮身材比例又很好
她每天照鏡子真的不會愛上自己嗎XD",1
員瑛女神🥹💘💘💘,0
員！！神！！啟！！動！！！,0
請問可以傳到雲端分享嗎，這種神圖想存原畫質的🙏,1
臥蠶很怪，尤其第五張，其他的地方都很好看！,1
近兩次回歸以來，沒有之前好看了，有人也這樣認為嗎,1
自從換了化妝室一切都很適合😍,1
超漂亮,1
超正👍🏻感覺一天比一天長得更精緻,1
好像小本言情小說的封面（漂亮,1
真漂亮……,1
真的是神顏~~~~~超級超級好看,1
好漂亮,1
下輩子可以換我投胎當員瑛嗎😭,1
不是她的粉，但真的覺得這可以叫神顏了,0
居然還可以看到尋找滿月,1
非粉，但這幾張真的有被電到,0
她真的超像我推的孩子的星野愛，完全的天生偶像，就是要當偶像的人,1
只要有Wonyoung就有我的讚,1
"還限制留言，有夠好笑
一定是怕被罵",1
"樺達奶茶那個價錢
我一直以為是紅茶加鮮奶
不喝了！",1
"認真說台灣人多的是健忘貪小便宜
出個優惠 買一送一 買二送一 
還不是訂爆 真香",0
"真的！
道歉很輕浮～
而且內容看起來就是在淡化錯誤、卸責…

感覺就是一間利益考量，
大於誠信和良心的企業…",1
姍你妹呢,0
"就問你們各位
一芳抵制了沒？",0
"台灣人是很健忘的
很多餐廳出包之後辦了優惠活動
大家買完就會忘記了",1
有人能解答為什麼春水堂的珍奶明明是奶粉奶茶還能賣到快$200嗎？很荒謬欸,1
它的泰奶喝完嘴都紅的😅,0
確實挺讓人反感，不過我從來都沒有相信過任何道歉文，比如那些事情已經嚴重到只能收起來的商家，根本一個屁都不放直接關門；至於有道歉的，不管低聲下氣還是輕描淡寫，還不是為了後面繼續賺各位的錢？愛喝的照喝，真正在意的也不會因為推出優惠而去消費，他們要拉攏的是中間選民，那種聽到新聞時會嘴一下、但其實根本不在意的人。,0
"還想裝可愛勒
嘖嘖",1
"這已經有詐欺嫌疑了
應該要鄭重道歉吧",0
被抓包後想靠小優惠洗白，打哈哈混過去的態度，讓人更反感,0
"樺達一杯60還不是鮮奶喔⋯
而且還很普通🙂",0
鮮奶跟保久乳只是差在滅菌方式不同而已，樺達還好吧？,1
"道歉還裝可愛🙂‍↔️
我都換黑糖水自己回去加鮮奶哈哈",1
"說真的 我不覺得這件事有多嚴重欸
至少選的品牌是有名大廠
而不是選有爭議的味O

做錯了道歉了 也做出致歉方案 
還要怎樣的作法才叫做有誠意
（還是覺得應該要開放免費索取飲品才可以？
要一家飲料店因為這樣就宣布倒閉？",0
"而且下面護航的留言超荒謬😂
還有人覺得至少公司有道歉就不錯了
現在是在比爛的是嗎（？）",1
"可以繼續支持：
大苑子、迷客夏、清心、老賴
（有些店我這邊沒有就不寫上了）",1
蛤！蛤！蛤！樺達是保久乳？？？我以為那麼貴一杯是鮮奶茶🫠,1
"台灣手搖店這麼多 
好喝的品項不差這一家
沒誠信的店家不會再光顧",1
個人認為小農不小農還可以接受 但鮮奶和保久乳根本不同東西了,1
珍煮丹的珍珠鮮奶是不是有加水？,0
可以提告詐欺嗎 以高價格鮮奶宣傳 賣出相對高的價格 我覺得有欺詐消費者之嫌,1
講實話保久乳還比鮮奶健康咧，我家食品原料大盤，拿各家鮮奶的價格只需要保久乳的50%，你們鮮奶外面能買到的最低價，我們進貨只需要一半以下價格，出給商家就是一瓶在加個10-30塊。,1
還好我不喝這家🤣,1
台灣人就是那麼好處理,0
"真的噁
讓店員忙的不可開交
然後生意比平常好超多
就算一杯賣三十幾還是賺吧",1
幫補上這次調查的名單,1
台灣日常啦,0
"不像道歉
看起來像利用機會做促銷
文章看了不像道歉公告
反而像促銷文案
還能順便息事寧人 賺爛了",1
樺達奶茶好喝我還是會喝😂,1
"舒華加油！
祝福你每天都開開心心🥰打敗路上的阻礙 
守護我們最好的刷🤎🤎",1
"Fate的表現真的好驚艷，薇娟的part突然冒出舒華的聲音有夠震驚，而且音色優勢真的有發揮出來，rap的部分穩很多，氣息的分配也好很多，不會有過去那種唱完氣快噴完的感覺，這場fate應該是史上最佳，希望往後每次fate這個「最佳」都可以再推高😂

其實後面Klaxon也聽得出來音準真的有努力練習了，進步真的好多，不過很可惜舞蹈加上去氣還是不太夠的情形，但真的很棒了😭五人都要好好的

看起來近期壓力真的不小，但回應黑粉最好的方式就是用好表現反擊，昨天她也做到了，至於那些表現好了還要酸的再怎麼討好也沒用，至少這個世界上喜歡舒華的遠比討厭她的要多得多

不過真的沒什麼人要誇誇娟嗎😂這次回歸的每次打歌舞台她都超賣力而且都超穩，但很少看有人在誇她😭
（私心覺得這次回歸小娟的討論度遠比之前每次回歸都要低😭有的話也是不好的居多😭",1
"我不是粉絲但真的希望中國人下地獄
一邊說要抵制容貌焦慮
一邊拿醜照攻擊她身材長相
一邊惋惜憂鬱症自殺的女星
一邊網暴她只因為政治立場不同
從身材臉蛋實力無一不罵有夠誇張
說實話舒華只要跪下去名聲可以馬上反轉
但她沒有
希望她從來沒有對不起的家鄉台灣可以成為她強大的後盾
台灣藝人 加油💪💪💪",0
"希望舒華寶寶永遠健康快樂🥹🫶🏻
妳真的很棒已經做得很好了！",1
雖然舒華最近的狀態有點沒有以往活潑 可能會被認為不敬業  但是我覺得她是被一整個國家的大部分人霸凌  能維持這樣已經很辛苦了🥹 這感覺不是一般人能承受的壓力 希望舒華能挺過去 不要被打敗！！,0
"舒華加油💙
不論如何妳做自己最重要！
奶味藍會永遠在背後做妳堅強的後盾💙",1
"最好的反擊就是多看看美麗的舒華～
🔽任何人沒看過7/12的檸檬刷都會是遺憾🔽",1
"覺得舒華可能會看Dcard，謝謝原po發起這篇這麼溫暖的文💗

葉舒華，妳真的很好很好！妳可是憑藉長相就入選的女人啊！是我們唯一的門面大人，是團寵兼團霸Boss Baby，是奶味藍捧在心尖上的葉小狼，是臺灣人的驕傲
舒華啊，知道妳會看大家的各種言論，不論好的壞的。很感謝妳是個愛惜羽毛的人，會默默改進自己的不足，讓自己變得更加優秀；但妳也知道這世上的怪人很多，不講理的人很多。可妳是正常人啊！這世間很無奈，很多事不是我們想解決就能解決的……多希望妳在看到瘋子們亂吠的時候可以不理會、不在意。要記得，妳是我們那麼多人的寶貝。我們喜歡妳有理由，他們討厭妳沒有理由（不正當的理由統一視為沒理由）。每個人都無法做到讓任何人喜歡，但妳要知道，喜歡妳的人絕對比對你懷揣惡意的人多得多
還記得嗎？Neverland的意思。我們要一起在夢幻島過著沒有煩惱的生活呀！會好好守護彼此，幸福快樂、無憂無慮的永遠在一起
希望妳能成為真正自由的風！像妳說的，怎麼舒服怎麼來✨ Neverver相信妳可以做得很好，也會一直支持妳，每個粉絲都是妳的後盾，不用擔心、不用怕，勇敢去闖吧！
我希望可以一直看到閃閃發光的葉舒華💜❤️",1
不是沒什麼人誇，是大家誇累了，娟總一如既往的強大，真的永遠的神。,0
希望刷寶的朋友能幫大家把愛意傳到她那邊！！我們刷是最好的寶寶💗這次回歸真的漂亮死😍😍😍,1
雖然瘦了很多，但仍是白白肉肉香香的🥟🐬,1
舒華愛你加油喔❤️❤️❤️,1
"說實話，其實我蠻希望舒華可以入籍其他國家的，擁有雙重國籍就不用管中國那邊的人了，行事也可以更大膽
雖然很不想這樣說，但出身台灣，想要保有自我，真的好難好難，似乎台灣人不表明任何立場就是原罪",1
"謝謝版主分享 希望葉刷刷能看到這篇😍
那些恣意評價妳的都是為了順應話題、博取關注
他們永遠不會因為這些無心而充滿惡意的言論感到羞愧
這些愛妳的人才是真正瞭解妳的人
因為瞭解妳的好 見證過妳的努力和蛻變
才堅定的支持著妳愛著妳
葉舒華妳永遠是臺灣和奶味藍的驕傲！💖",1
"確實上升到國家國籍身分很傻眼
也看得出來她最近心情有受到影響
希望還是可以找回以前活潑敬業的自己
畢竟還是工作",1
"雖然我不是粉絲
的看到舒華被網路霸凌真的很心疼⋯⋯🥺
加油刷！",0
dcard.tw,0
會有龜疤嗎🤔️,1
"你不講醫生很難對症下藥捏
搞不好還要打破傷風",0
"真的是痛到一堆錯字😂
不看醫生沒好處
願平安",1
"如果是小公貓
換你帶它剪蛋蛋",0
醫生：貴圈真亂 連小貓都可以一起玩😲,1
你不對勁,0
貓抓皮-沙發,0
"-
被蜈蚣咬到蛋蛋了",0
"建議還是要去醫院打破傷風喔！
請醫生開抗生素給你，我之前被貓咬到手一整個腫起來變廢物🥲",0
"醫生 麻煩結紮



沒事 我第一眼看成是貓被咬
人被咬也行啦",0
"屌變成逗貓棒，容我先笑一下😂😂😂
有什麼好羞恥的，就講就好了，搞不好醫生也會另眼相看，頂多戴墨鏡口罩進去，只要你不尷尬，尷尬的就是別人。",0
如果貓咪會搶食我建議你準備裝水的噴霧罐 來搶的時候噴幾下 貓咪通常不喜歡水 久了就比較不會有搶食的問題 不然下次就是你的ㄐㄐ也跟著遭殃,1
之前被貓咬到手差點蜂窩性組織炎，記得看醫生,1
"這沒有關係吧
不會只有你被咬",1
把這篇文給醫生看ㄅ,0
你就說你正在跟女性朋友研究如何延續後代的問題時，被別的物種攻擊了，說到這邊你可以拿出手機照片給醫生看，跟他說犯人大概長這個樣子,0
醫生：所以貓咬你的趴趴阿~,0
都有的人椰子可以塞屁眼被剖腹產了，被貓咬到蛋蛋還好吧,1
不老實說可能就要跟喵喵一起去剪蛋蛋囉,1
搞不好醫生會說他也有過經驗🤣,1
乾我跟你一摸一樣 但我是被爪子勾住,1
"你Po的文讓我想到了，你跟貓咪的關係應該很好
像這樣🔽",1
要打破傷風了😂,0
想到之前有一篇是被蜈蚣咬,0
老實跟醫生說被貓貓咬蛋蛋 看是不是要打破傷風,0
是貓貓主動去咬，還是你讓貓貓咬的？（懷疑的眼神,1
"拜託照實說😂😂😂
就算醫生護士不小心笑出來也要裝沒事，畢竟治療重要，糗一次不肉疼，別放在心上啦。",1
沒事啦 我有被狗咬老二,0
該讓它變成流浪貓了吧,1
"建議你老實講
上次有個病人因為這樣
他的蛋蛋整個感染化膿
打好幾天抗生素才壓下去
如果壓不下去醫師打算開刀進去清",0
有鴨鴨就給讚！！❤️,0
當初看到會滿地便便就立刻打消念頭，還是看別人曬鴨就好，當你家鴨鴨好幸福，根本鴨界豪宅🤩,1
"現在真的好多人養鴨鴨
大家居然都能克服沒辦法控制大便這件事",0
"請問外出袋子是這款嗎？
他裡面是絨布還是都是塑膠袋 怕他大便不好洗",0
"突然想當鴨
還有空氣清淨機 好用心啊！！",1
"感謝分享
超可愛😍",1
好可愛，版主是很棒的飼主喔,1
"哇真的不好養耶
好奇為什麼都要給他一面鏡子啊？",1
優質好文推推,1
"鴨友推推！文章打得超用心
養鴨鴨真的需要耐心🥺
附上我家鴨寶❤️",1
最後一張好可愛😍,1
"覺鴨鴨得可愛
雖然沒有要養
但用心推",1
請問兔子便盆防潑灑的效果好嗎～最近也在找,1
"動物真的不要看可愛就養
看過幾個例子 只會便宜了商人 可憐了動物",0
"好可愛！
沒想到鴨鴨這麼可愛",1
真的好可愛喔 最可愛的鴨鴨,1
好用心 真的很棒 👍,1
"那個客製化鴨籠根本鴨界豪宅了😂
很多小細節都看得出來原PO是超用心的飼主 
推推",1
抱歉 我問一下 這種鴨子跟我們平常吃的是一樣嗎?,1
好讚，超級喜歡鴨鴨的，但知道自己現在還有其他寵物，家裡空間不足，看別人分享真的好療癒🥰,1
還好鴨鴨遇上了你,1
好可愛❤️,1
"真的很可愛
但想到不能控制大便這點
我還是看大家的分享照片和影片就好😂",1
請問鴨鴨的豪宅找淘寶哪家店家訂製的呢😍,0
請問你帶鴨鴨出門有用牽繩嗎？還是都放在包包裡？我們家的很排斥身上有東西 連尿布也是😔,1
"好奇問一下, 你們養鴨後還吃鴨肉嗎??
我個人是養鳥後就不吃鳥蛋了 吃不下去

BTW , 屎真的是鳥到哪就拉到哪 衛生紙蠻傷的 WWWW",0
想請問你們家鴨鴨有ig可以追蹤嗎？好可愛喔,1
你家小鴨鴨真幸福，也好可愛～謝謝分享詳細資訊,1
鴨鴨的豪宅做得真棒,0
"我們家的鴨鴨是自己買蛋回來孵的！
其中一隻還難產 我幫他破殼破了兩天
沒想到他比另一隻自己破殼的還聰明🤣🤣",0
難道是因為阿嬤出來調停,0
P圖很難不讓人聯想吧…自己帶風向還要怪網友喔,0
"我覺得多少有問題欸
可能不是AB事件
但還是🈶️金錢糾紛
阿嘎 這麼久了
不知道玩這個梗代表什麼意思嗎？
只是自己妹妹不好意思搬上檯面說！？",1
我猜的啦，妹跟蘿拉出去一起開公司，就是蘿把一些資源分給妹（畢竟有源源不絕的廠商接洽管道，她也知道廠商的需求和預算），可能就跟廠商說這個業配嘎不會接、不適合或價錢太高，我有個更適合的人選之類的，價錢只要1/5⋯⋯然後再跟妹分抽成。如果是這樣也不能說是違法，只是道義上有瑕疵⋯⋯,1
如果真的沒有關聯為啥要把他的頭也換成ab優酪乳啊,1
"不能怪網友吧？
自己把人家照片P上AB優酪乳，不就刻意想要營造這種風向嗎？

蔡阿嘎過去一週玩了幾次AB梗？玩到走火入魔，好像反而很開心似的，昨天開始狂改好幾部影片封面，如果只改蘿拉大家應該也都會看得很開心，結果不只遮蘿拉連嘎妹也用AB優酪乳或鈔票擋起來，故意這樣改結果引起討論很正常吧？
現在腦粉反而開始檢討大家討論這件事，簡直莫名其妙。

上週那部澄清影片大家看完後都覺得蔡阿嘎是好老闆且開始同情他遇到爛人，風向都是同聲譴責。但後來幾天好像整個得意忘形了，嘎妹這件事更是讓人反感，一手好牌玩成這樣也是厲害。",1
"真沒事為啥聲明一句「阿嘎、哥哥」都不提，家人家人⋯所以是帶家人去談，還是跟阿嘎(家人)談？聲明也是打的模凌兩可。

阿也沒否定就是有紛爭阿，不然真的沒事，隨便講個爛理由（舉例：只是想說妹妹不在團隊了所以一起碼掉，之類的）都至少還會有人信。

結果是什麼？家務事？？🤣阿自己要搞這一齣，活該被輿論啦，個人覺得網友吃瓜根本沒錯，但人身攻擊是真的不用，畢竟沒確切證據做了什麼事。

反正結論看起來就是，有鬧到不開心，阿也跟錢有關，八成只是長輩勸說別斷妹妹後路，被搓掉了而已^_^",1
水很深 懂得都懂,1
"故意改圖讓人懷疑再出來怪大家懷疑
可以喔阿嘎，很有台灣價值",1
"說家務事，基本上只剩兩種方向

第一，參與其中，但由於是自家人就下不為例．家醜自己處理
第二，沒參與，但知情且沒告知哥哥，確實如同聲明，但阿嘎也是備感背叛",1
"蠻妙的 都不直接說哥哥 或 阿嘎
都說家人這個家人到底有沒有包含阿嘎⋯

說不是AB合約 但不代表沒事
因為是家人所以是家務事
希望Iris的家人不要傷害阿嘎就是了
家族也是靠阿嘎不少",0
"好險他們兩個沒有發生什麼事
不過之前的影片把嘎妹的臉p成AB優酪乳,也真的會容易讓人誤會😅😅😅",0
"很明顯就是談和搓掉了 
家務事家務事～ 就是有事 但不明講
（而且女方第一時間不是和對方談，而是拖一晚找家人陪同處理）

至於女方說和AB合約無關.. 當然要講
澄清文如果不標明AB合約無關，你們不會覺得更奇怪嗎？
至於有沒有關係...前段時間的操作很明顯了吧 不然怎會在同時間一起操作

“搞人的” 輕輕帶過，還提一下有家務事
“被搞的” 澄清一堆，但完全不敢提對方",1
笑死人 沒事亂放AB優酪乳在人家臉上 啊不就故意要大家在那邊猜來猜去 等到大家真的把熱度炒起來再來說不是大家想的這樣 啊不然你是想怎樣？有夠可悲的,0
"笑死人，不怪他哥怪網友，整天在那邊ABAB不算是炒作嗎？沒事把自己妹妹的臉全P上優酪乳，大家一看馬上就會聯想到最近的事件。
後來發現苗頭不對又改成錢的圖案，一直搞這種曖昧不明的操作完全看不懂",0
P圖P成那樣，現在再來說沒事沒事，從昨天半夜到現在，說不是為了流量鬼才信啦！有就有、沒有就沒有，公眾人物本來就會被放大檢視，吃觀眾飯的，一句話給觀眾交代很難？,0
如果是我應該會想 既然都要大動作改封面了 那不如就把家務事的部分一起處理掉 說沒事我是不信拉 猜是家人 如果公開鬧翻會讓家族裡的人觀感不好 尤其看起來某家人又不好搞,1
"要就講清楚
在這敏感時期搞這招
會讓原本很同情AB事件的我
變成好感直接敗壞欸",1
"1. 被挖走太多錢，需要炒作一下，熱度可以久一點

2. 真的有什麼問題，但可能有溝通止損不能全盤講出來

🤷‍♀️🤷‍♀️🤷‍♀️ 到底是什麼原因這樣動作讓大家猜測質疑不講清楚
還講家務事留伏筆🤔",1
家務事，家務事，懂得都懂.....,1
"不是啊 那為什麼要貼東西在嘎妹臉上
沒要透露就不要貼 不要再那邊AB還有C
要講不講的 懶的理了",0
但我覺得即使沒跟AB有關 感覺也有一些疙瘩吧,1
"那幹嘛改圖改AB
故意炒熱度？",1
"重點是最後一句
家務事家務事",1
"因為是親戚所以是家務事沒錯
應該說沒否認 
當然什麼事我們不知道
就是個看戲仔",1
"其實看下來是有關，但阿嘎礙於家族，加上私底下講過了
所以用家務事帶過",1
AB優酪乳多P一罐是誰在搞,0
"有可能阿嘎是要提醒廠商 嘎妹也是共犯，避免嘎妹以阿嘎名義再做出什麼事？所以P上AB優酪乳

但事後可能阿嬤、嘎妹爸媽求情
阿嘎才只好在幫嘎妹一次",0
"這波操作真的不懂，沒問題幹嘛把妹妹跟ab合約一起P圖，讓網友誤會了才說沒事沒事…
多虧之前還覺得ab梗自嘲很有梗",1
"所以為什麼要搞AB優酪乳？
如果真的有發生什麼事，顧及家裡大人而護晚輩面子，然後發聲明指責網友所揣測
反而因為這波操作敗人好感

如果什麼都沒有，那不就更敗好感了
沒事亂遮是圖什麼呢，不懂這心態欸

而且怎麼做都惹一身腥，完全不懂他在幹嘛
好好一手聲量牌，整個都變成負面聲量",1
真的，窮逼不要生小孩啦！,0
"窮小孩如果不是天才型 幾乎是
負擔父母養老費=窮一輩子

沒保險 沒存款 酗酒愛賭的家人
我還在想怎麼翻盤",0
dcard.tw,0
寫得不錯，詼諧又有重點，吐槽很精準,1
"我比妳還慘 還單親 但是我媽給我的感覺就是

不能只有我痛苦。所以才生我🤣🤣🤣

超賤🤣🤣",1
"2萬8養窮養三個
然後還要孩子感謝父母
為什麼不生一個就好了
跟我家一樣
我家還生四個…",1
"我老公家境不好，我公公太廢，是我婆婆一手撐起家計帶兩個孩子長大，小時候他常聽到父母因為錢吵架，他從小就很怕錢不見，即使他現在年收500，他也是過得很節儉，有些觀念跟想法真的會深植人心！
然後我婆婆看到我老公賺很多錢，就會在那邊說誰誰誰家的小孩對父母很好每個月給多少多少孝親費，帶父母去哪玩什麼的，我老公就會嗆她說，別人家的父母（也包括我家）出國還是出去吃飯都是他們付錢，小孩只需要玩得開心就好了，我婆婆就會閉嘴不講話！

自己當父母的沒辦法給孩子好的生活，就也別在那邊要蹭孩子的東西，養兒防老都是那些窮人才會有的心態😅",1
"這種老了就讓他們不餓死就可以了
希望他們也會感謝你^^",1
"家庭月收入加起來才六萬
說實在頂客族6萬不買房才有生活品質可言
又生三個還買房 根本把自己搞死",1
"那些話出自於領上億遺產 年輕時又沒多努力
你會覺得更靠北

回想當年讀書時期被犧牲 目的是什麼",1
底層家庭的孩子要翻盤就是要夠冷酷無情，無視家庭的負擔與痛苦，一心只為自己的發展出力，不接受任何情緒勒索，方能逃離困境,0
你為什麼不去當工程師？輪一下班至少破百吧？還是躺平擺爛，那當我沒說。,0
哈哈哈大確實 給過,1
"我這輩子最痛恨的就是沒能力的父母，每次看到殺人犯被判那麼重我都不能理解，到底為神模要判刑，整個社會沒有任何一條規則是關心人命的，人命到底哪裡值錢
養狗要證照養人不用
滿足興趣要花錢，除了生小孩
教育他人需要考試，教自己小孩卻不用
我不相信也不想相信有窮人是真心實意愛自己孩子的，你說有人可以為自己孩子付出生命？講難聽點，除了爛命一條這些人還剩神麼",1
確實，所以我賺爽爽都不會讓家人知道，平常還是過節看心情回家，雖然他們辛苦養我們啦，但是那是他們要生的，也不會顧及小孩感受，那也不能怪人啦，自己對自己好卡實在👍,1
"最讓我傻眼的是
我媽跟我說
你不生不能體驗我們的痛苦
不公平",0
咦 你爸收入不差 你媽去上班家裡就更好過了 外加只生一個 不是生三個 …,0
"沒餓到
到底有什麼可以自豪的
這是最基本的嗎",1
"那怎麼辦，都出生了父母也沒辦法改變
你看起來也不想要自己努力
不然你投胎重開局好了？",0
"我家也是底層 而且很底層
從小到大都是低收入戶
我爸媽年輕時未婚有孕匆匆結婚
不會避孕所以十年婚姻懷孕七次墮胎了四個
然後我小學時他們迷上天堂2
直接不工作了整天玩遊戲🫠
坐吃山空到沒錢了到處借錢
最後離婚收場 我媽直接跑了
把三個小孩都丟給我爸從此不聞不問🫠
因為沒錢付房租被要求搬走我爸只好跟阿嬤求助
阿嬤拿出存款來協助我們過渡
我們家就搬家租了一間更便宜的老老透天
我爸月薪3萬5養五個人
我從小到成年都跟兩個弟弟同房同床一起睡
完全沒有隱私可言
因為運動服褲子款式一樣又剛好錯開日子
我跟我弟甚至一件運動褲一起輪著穿
我爸又常常半夜打遊戲在那邊吵
完全不顧隔壁房間的我們白天要上學
偶爾還會晚歸發酒瘋半夜拉我們起來跳舞
我阿嬤又有囤積症 廁所要求我們一天全家人只能沖二次
為了省錢我們一直洗冷水澡
這種生活真的太痛苦了
於是我高三時剛一成年我就逃家了😂
———
多年後
我大弟階級複製
比我爸更年輕就搞大女生肚子
七個月大兩人才去醫院說要墮胎
現在月薪4萬要養一家三口
而我小弟就是個猴子
工作永遠無法做超過半年
一直在換",0
"什麼心態？
這是一個母親該說的話？
為人父母不是應該說
我淋過的雨絕不讓我的孩子再淋一次嗎？
真的是沒資格當父母欸",0
"這就是沒能力生小孩的父母硬生的結果
父母控制狂
小孩出生在底層，面對著階級僵固化、貧富差距擴大的時代
處處被叫著要忍 要懂知足 要拼
硬是打著這場沒有勝算的仗
被系統性的「孝順」觀念情緒勒索
最後既得利益者、金字塔頂端的少數人口仍享受著底層社畜運行的世界

這就是資本主義",1
"通報 📢
好像有人對這篇文章有新想法唷，快來去看看！",1
嘛，好像也沒什麼好說的，不過避免你未來的落魄而怨來怨去，還是提醒一句別留戀安閑的日子，居安思危喔，然後有空讀四書，不求改變命運，但至少如果想要面對未來的一切度過去後能不再執著痛苦，非份的妄想而難受，還是好好學這會比較好,1
"就即使你講得是實話
窮人家的孩子還保有自己內心的溫柔善良
更不願意在橄欖枝伸過來時
跟自己意願相佐或自己沒有多認識對方的前提
死死跩著機會不放

明眼人都看得清清楚楚吧?
那再有更好的機會呢?
把前一個女生當飛機杯丟掉嗎?
好像值得思考一下吧??",1
"我不會說我爸媽是底層
我爸媽都很疼愛我跟姊姊，雖然物質上沒有辦法太優渥，但他們真的很盡力的給予我們他們所擁有的一切了

前陣子我爸還對我說
真抱歉我們都沒辦法幫上你的忙

但我已經覺得他們給的足夠多了
反而是我很愧疚已經30歲了還在唸博士
勉強養得起自己
沒能報答什麼養育之恩…QQ",1
"我媽媽就是你上面說的那種人，心情不好、工作壓力大就會打我，小時候的我可以說是媽媽的出氣筒，因為小時候成績不好，所以常常被媽媽言語羞辱，各種難聽話都被罵過，奇怪的是我以前不是很皮很壞的小孩，總是乖乖的安靜坐在自己的位置上。

國小五六年級的時候，就會因為成績不好，半夜躲在棉被裡哭，甚至有想傷害自己的念頭，爸爸雖然會關心我們，但是在媽媽面前也起不了什麼作用。

不過我們家其實不窮，窮的是我媽的娘家跟她的內心，我28歲時讀了心理學書籍，聽很多心理學podcast 逐漸了解，我不會表達情緒跟想法這種障礙，原來是來自原生家庭，從小自卑造成我什麼都不敢做（因為淺意識覺得失敗會被罵），現在30歲，做了一個不會吃太飽但也餓不死的工作，想要進修（已經在進修了），確覺得比同年齡晚一點。

我也不想怪爸媽因為，過去的事情沒辦法改變，我們只能改變現在的自己，因為我已經長大了，雖然內在的受傷小孩有時還是會冒出來，但，我選擇接受他努力往前走。",1
正確來說不是窮人家的孩子，而是會控制孩子的家庭，過的不順會遷怒而打而惡罵孩子的家庭，還有無法實踐不患寡而患不均 不患貧而患不安此理的家庭，實際上無論貧富皆有此問題，所以翻四書五經吧，特別是論語，這是目前作為人可以學習使自己甚至使家庭改變的辦法⋯，其他的有緣再說⋯,1
"某樓沒必要耶
窮人有些行為跟個性有時候不是天生的
是後天逼的
有錢就算了還對窮人指指點點
好處好話都給你講
我發現很多人沒看過陰暗的社會跟現實
沒看到不代表不存在
你看過有的小孩不來學校因為家長會偷偷違法把小孩帶走嗎？你看過剛成年父母就雙亡的人嗎？你看過老公外遇小孩被社會局帶走被家人拋棄的瘋女人嗎？你看過智能有問題但是一直生小孩，每次小孩出生就丟醫院的壞媽媽嗎？你看過發展遲緩兒被媽媽拋棄，還沒小學就跟親姐姐分開出養到國外的嗎？

有錢可以使人善良
可以對世界有很多美好的想像
你口中的困難是向上的良藥
但你不知道人家在垃圾堆裡過的是什樣的生活",0
"底層出生，突破階級複製路過

重點是脫離原生家庭
這一步最重要
我們家二、三代有成功突破階級複製的
都是成年後跟原生家庭切割比較清楚的

所謂脫離不一定是不聯繫
而是搬家、遠離讓人變窮的環境跟磁場
還有拒絕親情在經濟上的過份勒索",1
"能理解你說的
還記得小時候半夜只要發出咳嗽聲
就被叫起來罰跪手舉高
否則就要挨打
我當然知道家人賺錢養大的辛苦
但誰能懂我的苦楚⋯",1
"我家的家務真的是姊姊做！
明明我跟我弟只差一歲
我問爸媽為什麼弟弟不用做家事
他們說因為弟弟以後要當兵
後來他們又改規則說最後一個吃完的洗碗
我明明不是最後吃完的
爸媽又說 幫忙做一下家事會死是不是
規則一直在改
小時候只覺得莫名其妙",1
"很有感觸..
窮人家的長女被迫一夕之間長大
原生家庭帶來的影響太大了
價值觀 生活觀 
原本可以是一個開心活潑的孩子
即便長大了 我仍優先評估風險跟保守
因為我沒有失敗的本錢

國中高中大學碩士 我加倍讀書
有機會有資源學習 拼命學跟珍惜
我用比旁人努力N倍才有機會爭取到一點跳脫底層的機會

即便年薪超過百萬 在外商公司有一份體面的工作

也因為家裡窮一直租破舊房子 
我買第一間房子還不是為了自己
而是為了原生家庭 而我自己一年住不到一周

看着北部的高房價 窮人的孩子錯了嗎
我若要買第二間 我還被限貸成數
我想相信孝順有福報 卻一直被現實打臉

我心裏非常痛苦 毫無生活品質拼命賺錢
我遇到很多困難 我真的好想有父母能跟我討論這些金融房屋法規的事情 

無奈啊 一樣丟下我一個人面對
父母無法理解 也不懂孩子心裡的苦及壓力

我更永遠無法理解 家是避風港這句話",1
女人和小孩也不能粗心大意，謝謝,0
"為何不去看看印度？非洲？中東？烏克蘭？
以色列加薩的小孩連家園都沒有、沒飯吃就算了、還常常被飛彈轟炸
身在台灣已經很幸福了，好嗎？
要正面思考",0
"說得太好了 根本我
沒想到世界上還是有人有跟我一樣的經歷",1
"我快30歲了 還是不知道人生意義在哪
要是當時有人提點我唸理工系比較有錢 我現在應該不會這麼厭世",1
這篇文觀點過於毒辣 嬌生慣養可能看不慣,0
我現在年薪破百卻不敢花費就是刻在骨子裡的節儉教育,0
笑死，你自己不夠狠不放生自己父母，還在那怪東怪西。怎樣，有些人生來就是優秀，羨慕也沒用，經歷社會毒打是普通人的必經路你還要父母幫你踩雷喔，你前面的觀點我完全沒意見，後面那些則都是藉口，用你的話就是一坨狗屎，自己放不下繼續活在陰影裡，也不會自我療傷，到底誰才是巨嬰？窮人的確不配生孩子因為只會拖累子孫，但是木已成舟，你還在那唧唧歪歪找藉口經濟條件或許是窮人心態上倒還真嬌生慣養,0
其實你只是憤世嫉俗而已阿,0
"講個有錢人沒辦法體會的 過了30父母60以上 
因為過去是底層根本沒有存款 你能不給他錢嗎？

能嘴我的基本上衣食無虞 甚至到處旅遊
如果要嘴我們不上進 我根本不想上進好嗎
我只想做我想做的事",0